clip_id,language,is_native,accent_region,confidence_language,confidence_native
fr_000120,es,0,anglophone,0.6145,0.8696
it_000034,pl,0,bresilien,0.8219,0.6423
fr_000079_aug1,it,1,bresilien,0.6591,0.9224
nl_000005_aug3,nl,0,milanais,0.4964,0.6837
pl_000007_aug2,pt,0,berlin,0.931,0.9281
it_000099_aug2,it,0,argentin,0.5718,0.6536
nl_000073_aug1,es,0,porto,0.6462,0.6128
it_000122_aug2,de,0,unknown,0.7406,0.8019
es_000056_aug2,pl,0,berlin,0.8357,0.4366
pl_000128_aug3,es,0,unknown,0.9433,0.628
nl_000049_aug2,nl,0,austrian,0.9688,0.4162
nl_000120_aug3,nl,0,unknown,0.6394,0.7893
es_000113_aug2,de,1,unknown,0.9176,0.5687
it_000145,fr,1,austrian,0.8155,0.5394
nl_000125_aug3,de,1,africain,0.4508,0.8132
fr_000116_aug3,de,1,romain,0.8318,0.7436
nl_000127_aug2,de,1,espagnol,0.8973,0.7869
pl_000065_aug3,pt,0,paris,0.7293,0.7833
de_000062_aug2,it,0,unknown,0.7147,0.427
es_000126_aug2,de,0,romain,0.8056,0.6313
nl_000027,pt,0,milanais,0.9318,0.7363
it_000142_aug3,es,1,porto,0.7446,0.8784
es_000130_aug3,es,0,unknown,0.4932,0.6301
it_000009_aug3,pl,0,unknown,0.7593,0.8597
nl_000007_aug2,it,0,unknown,0.9506,0.4589
fr_000084_aug1,fr,1,francophone,0.5951,0.6922
es_000082,pl,0,unknown,0.7131,0.5742
nl_000117,nl,0,maghrebin,0.7301,0.538
de_000007_aug2,de,0,bresilien,0.4646,0.5261
pl_000099_aug1,it,0,unknown,0.6523,0.4129
pl_000077_aug3,pt,0,mozambicain,0.6905,0.6526
nl_000082_aug1,de,1,unknown,0.7279,0.6274
pt_000074_aug3,nl,0,unknown,0.6612,0.8138
pl_000100_aug1,es,0,berlin,0.8787,0.6184
pl_000134_aug3,pl,0,andalou,0.4627,0.8139
pl_000082_aug3,pl,0,québec,0.7599,0.9412
pt_000097,it,0,africain,0.6444,0.4794
nl_000030_aug1,fr,0,unknown,0.7538,0.4393
nl_000051_aug1,fr,0,unknown,0.4393,0.7278
de_000136_aug3,it,1,maghrebin,0.5417,0.756
it_000003_aug2,de,1,anglophone,0.599,0.4194
fr_000023,fr,0,romain,0.6539,0.4496
de_000111_aug3,fr,0,albanais,0.9188,0.8877
fr_000147_aug2,de,1,turkish,0.9299,0.6782
nl_000148_aug1,es,1,albanais,0.5941,0.7455
pt_000088,fr,1,napolitain,0.6943,0.7299
de_000130_aug1,pt,0,mozambicain,0.5498,0.4717
pl_000022_aug3,de,1,unknown,0.9794,0.5652
pl_000019_aug1,es,1,mozambicain,0.7398,0.5638
fr_000100_aug3,pt,0,albanais,0.8888,0.4175
es_000009,de,1,roumain,0.4574,0.8081
it_000112_aug3,fr,1,africain,0.8043,0.7564
pt_000053_aug3,nl,0,unknown,0.632,0.6543
fr_000001_aug1,fr,1,eastern_european,0.7461,0.5345
nl_000131_aug2,es,0,espagnol,0.4854,0.5178
nl_000090_aug1,it,0,roumain,0.8293,0.5862
fr_000128_aug3,nl,0,anglophone,0.4913,0.4484
it_000096_aug2,fr,1,unknown,0.6998,0.8842
fr_000102,fr,0,anglophone,0.9849,0.4094
it_000029_aug1,it,1,bresilien,0.4011,0.6931
fr_000066_aug1,fr,0,marseille,0.5666,0.919
fr_000132_aug1,pl,1,paris,0.9247,0.6778
pl_000086_aug2,nl,0,romain,0.573,0.4976
it_000122_aug1,it,1,eastern_european,0.5863,0.8478
de_000109_aug1,es,0,unknown,0.5516,0.632
pl_000093_aug2,nl,1,mexicain,0.9137,0.5441
fr_000119,nl,0,unknown,0.8822,0.7495
fr_000056_aug2,de,1,mexicain,0.8982,0.5669
de_000076_aug3,de,0,unknown,0.5922,0.6963
fr_000145_aug3,pl,0,berlin,0.5183,0.8054
pt_000075,de,0,unknown,0.5166,0.4646
es_000122_aug2,pl,0,roumain,0.9381,0.7167
de_000042_aug2,pt,0,lisbon,0.7609,0.7708
es_000104,pt,0,anglophone,0.753,0.7672
pt_000133_aug2,es,1,québec,0.5522,0.6112
pl_000085_aug2,nl,1,castillan,0.8453,0.4274
pl_000049,pt,1,unknown,0.4738,0.8746
pl_000138_aug2,pt,0,unknown,0.8393,0.6684
de_000148,pt,0,napolitain,0.9097,0.8493
it_000106,fr,1,unknown,0.894,0.8678
fr_000130,es,1,lyon,0.6551,0.4973
pl_000106_aug2,de,0,unknown,0.5878,0.5747
nl_000022_aug3,es,0,berlin,0.5179,0.4718
es_000033_aug1,pl,1,unknown,0.9778,0.6827
nl_000047_aug1,es,0,unknown,0.4052,0.9353
fr_000053,it,0,unknown,0.6337,0.4628
fr_000143,es,1,unknown,0.5179,0.9049
pt_000023_aug2,pl,1,milanais,0.7853,0.633
nl_000055_aug1,pt,1,unknown,0.4933,0.8428
pl_000089,pl,0,angolais,0.4824,0.6709
es_000135_aug3,de,1,napolitain,0.582,0.4139
nl_000022_aug1,pl,0,roumain,0.7401,0.6846
de_000147_aug3,pl,1,anglophone,0.8142,0.6461
it_000100_aug1,it,1,unknown,0.7498,0.6603
nl_000142,de,1,unknown,0.8141,0.7524
pl_000147_aug1,pl,1,anglophone,0.8273,0.8446
it_000018_aug3,nl,0,maghrebin,0.9211,0.4037
pl_000034,it,0,unknown,0.8076,0.4413
de_000010,it,1,swiss,0.8738,0.7188
es_000021,de,0,unknown,0.6526,0.6753
it_000024_aug1,es,0,anglophone,0.6687,0.8373
it_000069_aug2,pt,1,unknown,0.7658,0.9483
de_000107_aug1,es,0,francophone,0.5723,0.5536
es_000129_aug1,nl,1,marseille,0.4598,0.5869
fr_000019_aug2,fr,0,africain,0.9673,0.4346
pt_000007_aug2,fr,1,angolais,0.5201,0.553
pt_000065_aug1,pl,0,lisbon,0.6813,0.8689
es_000024,de,0,porto,0.6709,0.4129
fr_000119_aug2,nl,0,mexicain,0.7998,0.5442
fr_000146_aug1,fr,1,anglophone,0.6451,0.8069
de_000041_aug1,it,0,maghrebin,0.8094,0.4595
es_000057_aug3,nl,0,berlin,0.5566,0.5373
nl_000086_aug3,fr,0,argentin,0.6606,0.7488
es_000060_aug3,de,0,bresilien,0.776,0.5732
pt_000142_aug2,de,1,unknown,0.959,0.7078
pl_000126,pt,1,unknown,0.488,0.6448
pt_000109_aug1,pl,1,milanais,0.4821,0.5073
de_000137_aug2,es,1,unknown,0.9737,0.6889
fr_000000,nl,1,unknown,0.4755,0.6841
de_000125_aug1,de,0,argentin,0.974,0.9183
es_000009_aug1,fr,1,milanais,0.7782,0.8698
nl_000016,nl,0,bavarian,0.4292,0.8232
pt_000021_aug2,pl,1,unknown,0.8046,0.8217
es_000036_aug2,pl,0,unknown,0.7971,0.6044
pl_000016_aug3,it,1,argentin,0.8866,0.628
it_000055,pt,0,roumain,0.7452,0.5743
fr_000091_aug2,pt,1,maghrebin,0.743,0.4364
it_000002_aug2,nl,1,milanais,0.7272,0.4391
nl_000124,nl,0,unknown,0.4047,0.8228
it_000132,pt,1,milanais,0.5353,0.5806
pt_000099,de,0,turkish,0.4326,0.539
es_000137_aug2,es,1,unknown,0.8818,0.6584
fr_000125_aug3,fr,1,milanais,0.4547,0.6859
es_000045_aug1,pt,0,unknown,0.8712,0.7427
pt_000101_aug2,es,0,unknown,0.6133,0.4454
pt_000018_aug1,de,1,austrian,0.5127,0.7852
fr_000026_aug3,fr,0,mozambicain,0.7189,0.7649
fr_000086,fr,0,austrian,0.5376,0.5866
pl_000055,it,0,andalou,0.4134,0.5546
it_000091,fr,1,unknown,0.6586,0.8672
it_000060_aug1,it,0,swiss,0.4147,0.8696
es_000020_aug2,it,0,castillan,0.777,0.6059
pt_000082_aug1,fr,0,unknown,0.4844,0.59
de_000112_aug1,fr,1,espagnol,0.5966,0.6527
pt_000117,pt,0,bavarian,0.8146,0.5052
it_000030,nl,0,bresilien,0.7689,0.887
pl_000082_aug1,it,0,swiss,0.4584,0.4995
nl_000114_aug1,pl,0,bresilien,0.8387,0.6643
de_000110_aug2,fr,1,unknown,0.9143,0.9199
fr_000070_aug2,fr,0,unknown,0.8314,0.6376
de_000022_aug1,de,0,lisbon,0.9621,0.6157
es_000062_aug1,it,1,napolitain,0.4484,0.4478
es_000051,nl,0,unknown,0.7205,0.6542
fr_000121_aug3,pt,1,andalou,0.8055,0.7076
fr_000021_aug1,pt,1,mexicain,0.6499,0.6454
nl_000000_aug2,fr,1,maghrebin,0.6072,0.6777
es_000094_aug3,pt,1,milanais,0.8269,0.9324
it_000031_aug2,pt,1,andalou,0.9588,0.9307
fr_000026_aug2,fr,0,bavarian,0.5502,0.8605
es_000102,nl,1,paris,0.5696,0.7613
pt_000098_aug3,es,1,unknown,0.5065,0.9003
pl_000076_aug2,es,0,napolitain,0.56,0.4791
nl_000097_aug2,fr,1,espagnol,0.433,0.4347
de_000136,fr,0,andalou,0.6979,0.7369
de_000118_aug3,pl,1,anglophone,0.9184,0.6534
it_000006_aug2,it,1,unknown,0.8288,0.7583
fr_000016_aug1,pl,1,milanais,0.7043,0.78
pl_000033_aug3,de,1,unknown,0.7459,0.5003
fr_000046_aug3,nl,1,napolitain,0.5739,0.5513
fr_000015,fr,1,mozambicain,0.5465,0.9445
nl_000041_aug1,de,1,milanais,0.6118,0.8783
pl_000030_aug2,fr,0,unknown,0.6513,0.5892
nl_000135_aug2,pl,1,unknown,0.7296,0.6025
de_000037,it,1,turkish,0.8332,0.6703
pt_000146_aug1,pl,0,turkish,0.6798,0.7347
de_000023,nl,0,romain,0.449,0.8957
nl_000113,fr,0,unknown,0.6644,0.8967
de_000074_aug2,it,1,angolais,0.5076,0.9011
de_000125,de,0,romain,0.9162,0.803
nl_000050_aug2,de,0,unknown,0.9445,0.8936
fr_000075_aug1,fr,0,swiss,0.556,0.8881
de_000003_aug3,pt,1,unknown,0.4451,0.5227
it_000077_aug3,de,0,unknown,0.5914,0.5499
pt_000018_aug2,it,0,porto,0.4089,0.8565
nl_000129_aug3,es,0,mozambicain,0.4064,0.9134
de_000015_aug1,nl,0,unknown,0.5751,0.6239
es_000015,nl,0,romain,0.5187,0.8319
es_000093,pl,0,unknown,0.8992,0.462
es_000100_aug1,it,1,lisbon,0.4235,0.4648
fr_000117_aug2,es,0,napolitain,0.5948,0.573
pt_000010_aug2,pt,0,angolais,0.4292,0.858
it_000109_aug2,nl,1,unknown,0.5483,0.4621
it_000137_aug2,nl,0,lisbon,0.9781,0.4451
it_000048,it,1,mexicain,0.9488,0.4858
pl_000121_aug2,nl,1,francophone,0.4776,0.7058
es_000138_aug1,de,0,marseille,0.5354,0.4457
nl_000024_aug3,it,1,romain,0.874,0.8442
es_000090_aug2,pt,0,unknown,0.5917,0.4388
it_000040_aug1,de,1,francophone,0.4014,0.8758
pt_000109,es,0,lisbon,0.5238,0.51
pl_000107_aug2,fr,0,bavarian,0.8696,0.4456
nl_000025,pt,0,lisbon,0.539,0.5827
de_000038_aug2,de,1,bavarian,0.9364,0.4504
es_000044_aug3,pl,1,unknown,0.5225,0.9353
es_000011_aug3,fr,1,milanais,0.941,0.4102
pt_000021_aug1,pl,1,anglophone,0.512,0.5762
es_000045,nl,1,eastern_european,0.6779,0.927
fr_000098,fr,1,unknown,0.4706,0.7321
it_000110_aug2,de,0,turkish,0.8669,0.8605
de_000003_aug1,it,0,lisbon,0.7511,0.762
pt_000012_aug3,it,1,unknown,0.6036,0.5893
es_000145_aug3,fr,0,unknown,0.5042,0.6113
es_000038_aug2,de,1,marseille,0.7002,0.6428
es_000035_aug1,es,0,angolais,0.8991,0.7516
pt_000003_aug3,it,1,unknown,0.9296,0.8531
de_000147_aug2,de,1,castillan,0.6773,0.9223
nl_000101_aug2,it,0,unknown,0.5753,0.6933
fr_000114_aug1,es,0,napolitain,0.702,0.7402
pl_000097,de,1,milanais,0.9234,0.7425
fr_000059_aug2,it,1,berlin,0.9622,0.8538
es_000035_aug3,it,0,napolitain,0.5449,0.5051
pl_000111_aug2,pt,1,bresilien,0.4387,0.8227
fr_000060_aug1,de,1,paris,0.6108,0.8578
es_000032,pl,0,maghrebin,0.6879,0.6538
it_000080_aug3,nl,0,lisbon,0.6171,0.9433
it_000125_aug2,es,0,unknown,0.5881,0.6208
it_000028_aug1,pt,0,andalou,0.8514,0.8027
fr_000061_aug2,fr,0,québec,0.6356,0.8224
nl_000141_aug3,de,1,unknown,0.5941,0.5426
es_000048_aug3,nl,1,napolitain,0.4986,0.4476
es_000017,it,0,unknown,0.6371,0.7247
pt_000119_aug2,pl,1,maghrebin,0.7722,0.5152
nl_000014_aug1,pl,0,argentin,0.4918,0.8353
it_000145_aug3,de,0,albanais,0.6081,0.751
fr_000020_aug2,de,1,romain,0.9317,0.5327
de_000113_aug2,nl,0,unknown,0.5235,0.4291
pl_000096_aug2,it,1,unknown,0.8046,0.6624
fr_000092_aug3,pt,0,marseille,0.5362,0.8488
fr_000123,es,1,albanais,0.8554,0.7372
fr_000021,de,1,mozambicain,0.9505,0.8858
pl_000149,de,1,unknown,0.857,0.6737
fr_000128_aug2,fr,0,québec,0.8407,0.6678
nl_000021,pt,1,roumain,0.692,0.7301
pt_000095_aug3,nl,0,unknown,0.7128,0.5783
fr_000080_aug2,nl,1,unknown,0.492,0.9064
de_000013,nl,0,lisbon,0.7046,0.5095
it_000146_aug1,es,1,francophone,0.7411,0.7941
es_000106_aug1,de,0,castillan,0.8701,0.7243
de_000057_aug2,it,1,porto,0.4252,0.4847
pt_000100_aug1,de,1,unknown,0.5462,0.6806
pt_000016_aug2,pl,1,albanais,0.4958,0.7978
pt_000114_aug1,de,0,maghrebin,0.6149,0.6877
es_000033_aug2,es,1,africain,0.8745,0.5279
pt_000024,pl,0,lyon,0.9683,0.8345
pl_000014_aug3,pt,0,québec,0.7701,0.4973
fr_000064_aug1,it,1,romain,0.4592,0.4895
pt_000121_aug1,pl,0,unknown,0.6041,0.8602
es_000013_aug1,it,0,bavarian,0.9564,0.8266
nl_000034,it,1,castillan,0.4944,0.7096
pl_000044,de,1,andalou,0.8316,0.5089
it_000145_aug1,pl,0,maghrebin,0.5562,0.5095
de_000061,nl,1,argentin,0.5988,0.7036
es_000086_aug3,es,0,austrian,0.9398,0.8761
nl_000068_aug2,it,1,lyon,0.4341,0.7405
pl_000075_aug2,pl,1,mexicain,0.4237,0.5293
pt_000130_aug3,pl,1,albanais,0.7624,0.4682
nl_000051_aug3,fr,0,maghrebin,0.9491,0.8107
es_000112_aug3,pl,0,bresilien,0.8823,0.941
nl_000069_aug2,pt,1,mexicain,0.9141,0.8749
it_000040_aug3,es,1,unknown,0.7846,0.4184
pt_000118_aug1,it,0,unknown,0.6491,0.7777
de_000128_aug1,fr,0,swiss,0.5667,0.662
nl_000037_aug2,pl,0,albanais,0.9695,0.4471
nl_000006_aug3,pt,0,unknown,0.9519,0.4996
es_000139_aug3,fr,0,maghrebin,0.9211,0.6632
pt_000051,fr,1,unknown,0.6628,0.7981
pl_000058,pt,0,austrian,0.8322,0.6753
pt_000017_aug3,es,0,milanais,0.4933,0.4683
nl_000133_aug2,es,0,francophone,0.4167,0.8594
nl_000121_aug1,pl,1,milanais,0.913,0.573
es_000001_aug3,nl,1,unknown,0.807,0.5301
it_000035_aug2,es,0,lyon,0.5596,0.9033
pl_000065_aug2,nl,1,berlin,0.7911,0.7308
es_000116_aug1,it,0,roumain,0.7708,0.9104
de_000117_aug2,de,0,bresilien,0.417,0.4386
fr_000049_aug1,fr,0,anglophone,0.6289,0.8662
pt_000095_aug2,nl,0,francophone,0.7973,0.4735
nl_000092,es,0,francophone,0.6314,0.612
it_000030_aug3,pt,1,bresilien,0.4046,0.6224
pt_000046_aug3,pt,0,albanais,0.5543,0.4432
pl_000004_aug1,pt,1,bavarian,0.485,0.6718
fr_000129_aug1,fr,1,marseille,0.9745,0.5321
pl_000138,it,0,africain,0.6133,0.5713
pl_000092_aug1,pl,1,berlin,0.9251,0.5115
nl_000084,fr,0,castillan,0.4583,0.5538
nl_000115_aug2,pl,0,unknown,0.7013,0.5707
pl_000062_aug1,es,0,castillan,0.6293,0.7177
it_000059_aug1,it,0,porto,0.523,0.6635
fr_000113,nl,1,unknown,0.455,0.6368
pl_000074_aug3,es,0,unknown,0.9673,0.6603
pl_000074_aug2,it,0,unknown,0.8835,0.5511
nl_000092_aug1,pt,1,francophone,0.4932,0.4972
fr_000018_aug3,pt,1,berlin,0.4922,0.7979
de_000094_aug1,pt,0,bavarian,0.9272,0.9272
nl_000013_aug3,nl,0,marseille,0.7824,0.8584
de_000084_aug2,nl,0,unknown,0.729,0.866
it_000012,nl,0,austrian,0.5325,0.5437
it_000118_aug2,fr,1,angolais,0.8238,0.5744
it_000028,nl,0,africain,0.9059,0.7945
de_000026_aug3,de,0,bavarian,0.7668,0.714
it_000116,it,1,swiss,0.5626,0.4984
fr_000067_aug1,it,1,maghrebin,0.4436,0.5405
fr_000140_aug1,nl,1,marseille,0.4759,0.5283
es_000079_aug3,fr,0,unknown,0.6563,0.8484
pl_000071,pt,0,roumain,0.7699,0.5196
nl_000025_aug3,pt,0,lisbon,0.9892,0.929
es_000052,it,0,marseille,0.6356,0.6721
de_000144_aug3,pt,0,unknown,0.4995,0.9094
pl_000084_aug3,es,0,unknown,0.8705,0.8723
it_000054_aug2,pt,0,lisbon,0.9279,0.6147
pl_000072_aug1,pl,0,porto,0.8859,0.6376
fr_000010_aug3,nl,1,swiss,0.5836,0.4712
de_000012_aug3,es,1,turkish,0.5274,0.4054
it_000143_aug3,pt,1,bavarian,0.6908,0.6823
de_000012_aug2,pt,1,paris,0.406,0.6333
nl_000111_aug1,de,1,milanais,0.7372,0.6907
pt_000101_aug3,pt,1,angolais,0.4066,0.5362
nl_000066_aug2,nl,1,swiss,0.8434,0.8056
fr_000070_aug3,de,1,napolitain,0.6024,0.7297
fr_000114,fr,1,romain,0.5547,0.834
fr_000009_aug2,pl,1,bavarian,0.6451,0.7594
pt_000075_aug1,de,1,castillan,0.785,0.6532
it_000137_aug3,nl,1,francophone,0.6611,0.5522
it_000050,pl,0,unknown,0.4207,0.7294
pl_000108_aug1,nl,1,unknown,0.957,0.8534
de_000002_aug3,de,0,unknown,0.5157,0.4307
nl_000118_aug1,it,1,andalou,0.5913,0.6538
fr_000042,fr,0,anglophone,0.6785,0.4197
it_000102,pl,0,mozambicain,0.4627,0.4468
pl_000078_aug1,fr,0,unknown,0.8499,0.6751
pl_000095,de,1,mexicain,0.7897,0.4354
it_000092_aug1,it,1,lyon,0.8434,0.7891
pt_000132_aug3,pt,0,maghrebin,0.636,0.6923
fr_000008,pt,0,milanais,0.4087,0.78
es_000042_aug1,pl,0,roumain,0.9016,0.8015
pl_000038_aug3,pt,1,berlin,0.9862,0.8767
pt_000124_aug1,it,0,unknown,0.7386,0.891
pt_000131_aug3,nl,0,austrian,0.7563,0.5504
it_000071_aug2,pt,1,unknown,0.93,0.4363
pt_000064_aug3,nl,1,mexicain,0.5311,0.8694
pl_000034_aug3,nl,1,swiss,0.4254,0.7592
de_000032,pl,1,bavarian,0.8034,0.7719
nl_000112,de,1,berlin,0.7887,0.5913
pl_000034_aug2,it,0,milanais,0.6901,0.5241
it_000064_aug3,it,1,bresilien,0.462,0.7421
nl_000079_aug3,pt,0,berlin,0.8441,0.8138
fr_000004_aug2,de,0,unknown,0.7152,0.5499
it_000057_aug2,fr,0,mexicain,0.5699,0.601
es_000059_aug3,es,1,unknown,0.8507,0.9345
it_000044_aug2,nl,1,anglophone,0.7306,0.7304
nl_000095_aug1,pl,1,anglophone,0.95,0.5447
it_000126,it,0,unknown,0.8374,0.7318
de_000104_aug3,it,1,eastern_european,0.4253,0.5532
nl_000052_aug3,pl,0,turkish,0.8851,0.5357
pt_000110,it,1,unknown,0.778,0.7318
pt_000043_aug3,es,1,espagnol,0.6373,0.7343
it_000116_aug2,it,1,porto,0.7693,0.5488
es_000006_aug3,pl,1,napolitain,0.8917,0.6141
pt_000105_aug3,pl,1,lyon,0.8559,0.4503
de_000109,pt,1,porto,0.9897,0.4384
it_000075_aug3,fr,0,anglophone,0.6035,0.4407
pl_000105_aug1,de,0,anglophone,0.5507,0.4083
de_000140_aug2,pl,1,porto,0.5429,0.906
pt_000074,fr,0,lisbon,0.5507,0.6939
de_000138_aug2,es,1,austrian,0.5954,0.857
fr_000093,nl,0,mexicain,0.703,0.7177
pt_000047,nl,1,unknown,0.7993,0.9239
pt_000130_aug2,fr,1,milanais,0.8752,0.5995
it_000085_aug1,pt,1,lyon,0.7645,0.6238
pt_000068_aug2,nl,1,anglophone,0.9303,0.6883
es_000016_aug3,de,1,napolitain,0.5988,0.6479
fr_000017_aug2,it,0,anglophone,0.4121,0.4051
pl_000108_aug2,fr,1,unknown,0.9619,0.4662
nl_000054_aug1,nl,0,bavarian,0.9385,0.509
de_000137_aug1,pl,1,porto,0.7969,0.9209
pl_000102_aug3,fr,0,berlin,0.8445,0.5337
pl_000051_aug3,pl,0,unknown,0.7213,0.6013
pl_000056_aug1,fr,0,unknown,0.9315,0.6745
pt_000136_aug1,fr,0,unknown,0.7866,0.8972
fr_000039_aug2,it,0,unknown,0.9771,0.8614
pl_000117_aug3,pl,0,anglophone,0.7634,0.4022
pt_000001_aug3,it,0,unknown,0.596,0.767
pl_000052,de,0,castillan,0.908,0.6307
pl_000130_aug3,it,1,andalou,0.8386,0.5354
pt_000015_aug3,pl,0,argentin,0.8243,0.7613
pt_000106_aug2,pt,0,bresilien,0.7754,0.592
pt_000070_aug2,nl,0,lyon,0.4635,0.5362
es_000068_aug3,nl,1,bavarian,0.452,0.5404
es_000066,it,0,milanais,0.6067,0.9169
fr_000029,pl,1,albanais,0.7465,0.6689
it_000108_aug3,fr,0,maghrebin,0.833,0.8215
fr_000073_aug1,es,0,unknown,0.4245,0.4537
pl_000130,de,0,argentin,0.5288,0.9452
pt_000015_aug2,fr,0,eastern_european,0.5601,0.4176
es_000147_aug1,nl,0,swiss,0.5197,0.5296
es_000115_aug3,it,0,maghrebin,0.5918,0.7801
pt_000129_aug2,nl,1,africain,0.9354,0.8506
it_000066_aug1,it,0,unknown,0.8793,0.4835
es_000042,nl,1,romain,0.5403,0.5664
it_000124_aug3,it,1,albanais,0.5574,0.4021
pl_000091_aug2,pt,0,unknown,0.942,0.4585
it_000005_aug2,it,1,unknown,0.4991,0.695
it_000124_aug2,es,1,argentin,0.612,0.6083
es_000043,it,0,francophone,0.6882,0.7903
de_000057,it,0,unknown,0.7066,0.6066
de_000051_aug2,es,0,lisbon,0.9813,0.9097
es_000061_aug3,fr,1,castillan,0.7443,0.8004
it_000083_aug1,it,0,unknown,0.7303,0.7644
it_000119_aug1,es,0,paris,0.754,0.4132
es_000055_aug1,es,1,turkish,0.8548,0.4938
it_000028_aug2,es,0,romain,0.7004,0.7278
pt_000063_aug3,pl,1,mexicain,0.7985,0.727
de_000082_aug2,pt,0,eastern_european,0.7819,0.7945
it_000084_aug1,pt,1,romain,0.9797,0.604
pt_000126_aug1,de,1,unknown,0.5435,0.5991
de_000088_aug1,it,0,anglophone,0.9685,0.839
de_000089_aug1,nl,1,austrian,0.946,0.7365
de_000050,de,0,africain,0.6878,0.6572
fr_000000_aug3,pt,1,africain,0.4808,0.4602
pl_000087_aug2,nl,0,argentin,0.8999,0.8239
pt_000080,it,1,unknown,0.5083,0.6613
de_000060_aug1,pt,1,argentin,0.9073,0.8501
fr_000056_aug1,fr,1,roumain,0.6486,0.4468
fr_000109,it,0,africain,0.6708,0.4115
it_000060_aug3,fr,0,milanais,0.4984,0.7567
pl_000081_aug3,de,0,bresilien,0.6394,0.9402
es_000054_aug3,pt,1,eastern_european,0.8475,0.7528
it_000008,es,1,anglophone,0.6312,0.758
es_000075_aug1,it,1,unknown,0.6173,0.4424
nl_000116_aug3,nl,1,bresilien,0.5645,0.605
es_000086_aug1,es,0,argentin,0.732,0.4794
pl_000017_aug2,it,1,bavarian,0.7849,0.4229
es_000098_aug2,it,1,unknown,0.8868,0.7107
nl_000033_aug2,nl,1,unknown,0.748,0.5565
it_000129,it,0,unknown,0.5171,0.6828
nl_000104_aug3,fr,0,napolitain,0.5896,0.8054
it_000052,pl,1,québec,0.4085,0.6132
it_000069_aug3,nl,0,castillan,0.4126,0.8119
fr_000028_aug2,pt,0,unknown,0.5684,0.8767
pt_000070,pl,0,anglophone,0.9149,0.4424
de_000131_aug1,pl,1,angolais,0.7399,0.7256
pt_000069_aug2,nl,0,québec,0.7718,0.5985
de_000140_aug3,pl,1,lyon,0.6311,0.7014
it_000085_aug2,pt,1,unknown,0.8001,0.8542
es_000103_aug3,de,0,unknown,0.8856,0.6508
nl_000144_aug1,pt,1,unknown,0.4638,0.7469
fr_000136,pl,0,unknown,0.4055,0.7609
nl_000133_aug3,es,1,milanais,0.9007,0.7367
de_000134_aug2,es,0,eastern_european,0.7145,0.6694
nl_000029_aug1,pt,0,swiss,0.8972,0.8622
nl_000113_aug3,de,0,roumain,0.4371,0.5261
nl_000088,nl,1,unknown,0.8962,0.4839
pt_000010,it,0,anglophone,0.8172,0.8343
pt_000140,nl,0,maghrebin,0.7903,0.4714
pt_000148_aug3,fr,1,unknown,0.7767,0.523
fr_000016_aug3,it,0,milanais,0.5488,0.8898
pl_000147_aug3,pt,0,albanais,0.6032,0.7319
pl_000067_aug3,es,0,angolais,0.8747,0.7717
pl_000044_aug2,it,0,unknown,0.9338,0.9184
fr_000087_aug2,de,1,castillan,0.5569,0.4922
nl_000138,fr,1,unknown,0.4322,0.7678
pl_000028_aug2,es,0,lyon,0.7917,0.7452
pt_000077_aug2,nl,0,andalou,0.5274,0.556
pt_000022_aug2,nl,0,romain,0.4543,0.5954
it_000011_aug3,de,1,africain,0.979,0.7151
de_000125_aug3,es,0,bavarian,0.9593,0.7939
pl_000124,it,1,mozambicain,0.728,0.8133
pl_000042,it,0,bavarian,0.5241,0.6416
nl_000070_aug2,pt,1,austrian,0.4066,0.4339
it_000113_aug2,fr,1,milanais,0.8257,0.5467
es_000083_aug1,nl,0,mozambicain,0.4359,0.5568
pt_000104_aug1,fr,0,bavarian,0.4002,0.7746
it_000072,nl,0,lyon,0.7288,0.435
it_000041_aug1,es,1,anglophone,0.9826,0.5321
nl_000108_aug1,nl,0,porto,0.7322,0.7884
pt_000006,es,1,austrian,0.7528,0.7754
fr_000083,es,1,eastern_european,0.455,0.4222
de_000015,pl,1,berlin,0.746,0.6308
pl_000023_aug2,it,0,angolais,0.6084,0.6985
fr_000088_aug2,pt,0,porto,0.7618,0.8411
pt_000070_aug1,pt,0,unknown,0.8022,0.865
fr_000010_aug2,es,1,bavarian,0.4432,0.5247
pl_000001_aug2,pl,0,francophone,0.6724,0.8395
de_000095,pl,0,milanais,0.676,0.4407
pt_000137_aug1,nl,0,turkish,0.775,0.9253
nl_000058_aug1,pt,0,porto,0.7938,0.6043
de_000014_aug1,nl,1,andalou,0.9777,0.5312
fr_000010_aug1,nl,0,lisbon,0.9468,0.8311
pl_000032_aug1,pl,0,unknown,0.9664,0.4198
fr_000126_aug1,fr,0,swiss,0.8865,0.4949
de_000145_aug1,de,1,roumain,0.4678,0.8038
de_000047_aug2,fr,1,maghrebin,0.6049,0.6027
nl_000077_aug3,nl,1,unknown,0.9578,0.7419
de_000054_aug1,pl,0,unknown,0.8854,0.7299
pl_000094_aug1,de,0,marseille,0.9297,0.6747
pt_000121,de,1,argentin,0.403,0.9338
pl_000072_aug3,es,1,unknown,0.5799,0.4912
de_000120,it,1,castillan,0.6701,0.505
fr_000022,pl,1,milanais,0.7047,0.9121
fr_000141_aug3,pt,1,porto,0.9231,0.7382
de_000136_aug2,pl,0,paris,0.5961,0.5514
de_000096_aug1,it,0,lyon,0.7878,0.7277
de_000126_aug1,it,0,unknown,0.9619,0.7015
pl_000134_aug1,nl,0,albanais,0.7094,0.8829
de_000098_aug2,fr,0,berlin,0.7325,0.6313
fr_000148_aug3,pl,1,unknown,0.7403,0.444
de_000059_aug3,es,0,bresilien,0.6555,0.7987
pl_000037_aug1,pt,1,milanais,0.4291,0.5118
fr_000089,nl,1,unknown,0.4585,0.8436
it_000135_aug1,nl,0,québec,0.4531,0.9457
nl_000093_aug2,it,1,castillan,0.7469,0.6466
es_000129,fr,1,unknown,0.6916,0.9097
es_000006,pt,0,unknown,0.902,0.7171
pl_000121,fr,0,eastern_european,0.4686,0.8893
de_000044_aug2,pt,1,romain,0.6327,0.5587
pl_000055_aug2,es,1,berlin,0.4549,0.6069
pl_000058_aug1,de,1,austrian,0.8901,0.6205
fr_000110_aug3,es,1,unknown,0.7461,0.9269
es_000026,es,0,romain,0.9322,0.8706
es_000049_aug3,es,1,lisbon,0.5386,0.5027
fr_000118,es,1,espagnol,0.9793,0.5956
nl_000111_aug2,de,0,anglophone,0.7955,0.9351
nl_000086_aug1,fr,0,berlin,0.7937,0.7787
de_000070_aug1,it,0,unknown,0.9826,0.4326
pl_000061_aug3,de,1,espagnol,0.8065,0.8696
it_000132_aug3,nl,0,roumain,0.9859,0.751
nl_000101_aug3,es,1,paris,0.8112,0.5887
fr_000106_aug2,pt,1,unknown,0.4954,0.6483
de_000106,fr,1,unknown,0.4694,0.5204
pt_000059_aug3,pt,1,roumain,0.9486,0.6428
es_000018,pt,0,francophone,0.4976,0.7725
fr_000049,fr,1,unknown,0.8193,0.8719
pt_000114_aug3,it,1,bavarian,0.7929,0.7724
nl_000017_aug2,es,1,anglophone,0.8331,0.6894
nl_000119,nl,1,unknown,0.8316,0.6675
pl_000022_aug1,fr,0,romain,0.878,0.6704
pt_000090_aug3,fr,0,africain,0.7468,0.5759
it_000148,pl,0,angolais,0.4742,0.6593
pt_000108_aug1,it,1,unknown,0.4463,0.7722
nl_000138_aug2,fr,0,unknown,0.736,0.8082
it_000139,pl,0,turkish,0.6127,0.6421
pt_000061,pt,1,unknown,0.5822,0.4456
nl_000122_aug3,pl,1,anglophone,0.5856,0.5891
fr_000021_aug2,pt,1,albanais,0.9897,0.7352
pl_000111_aug1,de,1,milanais,0.6317,0.7456
pl_000067,it,1,berlin,0.8305,0.8719
de_000013_aug3,it,0,unknown,0.5823,0.4439
pt_000021,nl,0,unknown,0.6673,0.6825
pt_000094_aug2,nl,1,unknown,0.9135,0.542
es_000056,es,1,francophone,0.4309,0.9338
es_000004_aug1,nl,1,eastern_european,0.9201,0.6138
it_000106_aug3,fr,0,marseille,0.5368,0.8096
nl_000012_aug2,pt,1,marseille,0.4566,0.6376
de_000143_aug3,de,1,roumain,0.6592,0.4656
it_000031_aug1,it,1,turkish,0.8585,0.6524
es_000006_aug2,es,0,mexicain,0.504,0.6111
de_000101_aug3,es,1,castillan,0.8754,0.8286
pt_000122_aug3,nl,1,unknown,0.4141,0.587
nl_000085,de,0,berlin,0.6989,0.8647
pt_000026,de,0,turkish,0.4075,0.587
pt_000108,pt,1,roumain,0.6038,0.8603
pt_000090_aug1,es,1,unknown,0.9181,0.475
de_000097_aug2,nl,0,unknown,0.6572,0.8429
de_000028_aug2,fr,0,unknown,0.8395,0.5135
es_000100,pl,0,unknown,0.7207,0.444
pl_000093_aug1,it,0,unknown,0.5888,0.5485
es_000120_aug2,pl,0,romain,0.7616,0.5583
pt_000094_aug3,pl,0,unknown,0.4058,0.9288
nl_000085_aug1,pt,0,maghrebin,0.6876,0.8056
pl_000091_aug3,it,0,espagnol,0.9361,0.7769
fr_000076,pl,0,unknown,0.8153,0.5858
de_000084,es,0,mozambicain,0.9737,0.8684
nl_000005_aug2,pl,1,unknown,0.6426,0.8626
pl_000126_aug1,it,0,espagnol,0.4058,0.4973
es_000048_aug2,nl,1,unknown,0.5674,0.6604
es_000115_aug1,pl,0,unknown,0.9162,0.8928
nl_000035,pl,1,francophone,0.7055,0.8006
es_000092,it,0,unknown,0.7517,0.7784
nl_000065_aug1,pl,0,lyon,0.5574,0.7405
pl_000057_aug2,fr,0,québec,0.4628,0.8795
de_000040,nl,1,unknown,0.6868,0.4252
nl_000032,de,0,albanais,0.4653,0.6584
pt_000005_aug2,pl,1,anglophone,0.5078,0.6292
pt_000001,pt,1,castillan,0.5018,0.572
de_000061_aug2,it,1,albanais,0.7218,0.4806
es_000118_aug1,de,0,anglophone,0.8321,0.4887
it_000125,fr,0,romain,0.9678,0.5896
pl_000146_aug3,pl,1,unknown,0.6443,0.6124
de_000145_aug3,de,1,austrian,0.9209,0.7811
it_000066_aug2,es,0,bresilien,0.895,0.5234
it_000099_aug1,de,0,unknown,0.7999,0.4978
fr_000144_aug3,fr,0,unknown,0.5148,0.5303
nl_000086,nl,0,unknown,0.8094,0.9388
it_000115_aug1,it,1,paris,0.525,0.4685
pt_000029_aug2,fr,1,angolais,0.8068,0.4279
nl_000108_aug2,fr,0,unknown,0.487,0.5138
pl_000037_aug2,de,1,mozambicain,0.9085,0.7682
it_000133_aug3,fr,1,unknown,0.4882,0.7126
pl_000040_aug2,pt,1,unknown,0.8179,0.6906
pt_000096_aug1,it,1,mozambicain,0.8208,0.4759
pl_000081_aug2,pt,1,unknown,0.9832,0.6377
fr_000139_aug2,pl,0,unknown,0.5666,0.6678
nl_000054_aug2,it,1,romain,0.7273,0.9314
de_000029_aug1,pt,1,lyon,0.416,0.9198
fr_000124_aug2,de,0,unknown,0.9251,0.8753
de_000149_aug1,fr,1,napolitain,0.6324,0.7867
fr_000114_aug3,de,0,milanais,0.4695,0.6462
fr_000109_aug2,de,0,lyon,0.6166,0.6483
it_000058_aug3,es,1,romain,0.8847,0.6788
it_000069_aug1,es,1,unknown,0.6043,0.7673
es_000053_aug3,es,0,africain,0.5185,0.7749
nl_000021_aug2,nl,0,swiss,0.6208,0.5631
pl_000011_aug3,pl,1,angolais,0.4608,0.7839
es_000133_aug1,fr,0,lisbon,0.9475,0.6854
pl_000140_aug2,fr,1,mexicain,0.4565,0.6401
it_000141_aug2,de,1,bavarian,0.713,0.4881
es_000139_aug1,pl,0,bresilien,0.5089,0.7208
es_000031_aug2,pt,1,bresilien,0.9444,0.539
pt_000044_aug2,pl,1,austrian,0.7203,0.5467
de_000083_aug1,es,1,paris,0.5099,0.8006
es_000077,de,1,unknown,0.8125,0.653
it_000086,it,0,roumain,0.7279,0.597
es_000145_aug2,fr,0,unknown,0.4319,0.869
fr_000018_aug2,fr,0,turkish,0.7763,0.4133
es_000110_aug3,pl,1,anglophone,0.7857,0.4031
pt_000081_aug1,it,1,albanais,0.9306,0.9129
de_000029_aug2,nl,1,napolitain,0.4118,0.7128
pt_000083_aug1,pl,1,unknown,0.5762,0.8142
it_000057_aug1,fr,0,milanais,0.4525,0.7245
fr_000033_aug1,es,0,andalou,0.9191,0.7247
pt_000011_aug3,it,0,unknown,0.9074,0.6235
fr_000089_aug3,de,0,lyon,0.9676,0.6485
fr_000116_aug2,pl,1,unknown,0.4698,0.5691
pt_000028,pt,0,unknown,0.5471,0.8159
de_000092_aug3,de,1,angolais,0.4533,0.7116
es_000028_aug2,es,1,québec,0.7873,0.8687
fr_000023_aug1,es,1,albanais,0.821,0.7128
pl_000094_aug3,nl,0,unknown,0.6741,0.4499
fr_000104,nl,0,paris,0.8073,0.915
es_000046_aug1,es,1,unknown,0.8589,0.8204
it_000138_aug3,it,0,angolais,0.6538,0.4311
it_000067,pl,0,angolais,0.7867,0.681
nl_000066,pt,0,albanais,0.465,0.6589
pt_000121_aug2,nl,0,austrian,0.5402,0.6739
de_000117_aug1,de,0,lisbon,0.8584,0.4916
nl_000037_aug3,nl,1,argentin,0.8769,0.6456
de_000065_aug2,it,1,francophone,0.6393,0.425
de_000108,nl,1,anglophone,0.5464,0.4811
de_000136_aug1,de,1,bavarian,0.4795,0.4415
it_000036_aug3,it,0,austrian,0.6175,0.5287
pt_000026_aug2,fr,0,mexicain,0.5671,0.5293
es_000050_aug2,it,0,milanais,0.9793,0.6392
es_000106,it,1,mexicain,0.6588,0.4498
fr_000041_aug1,pt,0,albanais,0.736,0.8811
pt_000009_aug3,pl,1,maghrebin,0.4516,0.4523
nl_000116_aug1,de,1,unknown,0.7661,0.8452
nl_000149_aug2,pl,0,austrian,0.4677,0.4113
es_000123,pl,0,milanais,0.9126,0.8463
es_000044_aug2,pl,1,swiss,0.7239,0.7165
de_000023_aug2,de,1,argentin,0.7839,0.9387
nl_000128_aug3,es,1,unknown,0.6611,0.6423
nl_000115_aug3,fr,1,andalou,0.5421,0.8521
de_000024,de,1,berlin,0.6291,0.6272
fr_000031_aug1,nl,0,maghrebin,0.8379,0.7538
pt_000053_aug1,pt,0,albanais,0.72,0.8565
it_000025_aug3,de,1,maghrebin,0.5464,0.5094
pl_000024_aug2,es,0,eastern_european,0.8616,0.551
fr_000084_aug3,it,0,bresilien,0.4988,0.881
pl_000143_aug2,pl,0,paris,0.7531,0.5359
pt_000040_aug3,es,1,anglophone,0.4037,0.9399
es_000083_aug2,pl,1,unknown,0.5582,0.4342
fr_000014_aug3,pl,1,anglophone,0.9369,0.7021
de_000043_aug1,pt,0,unknown,0.9064,0.9178
es_000026_aug1,pt,0,unknown,0.4831,0.4521
pl_000054_aug3,fr,1,albanais,0.8582,0.5323
pt_000111_aug2,pl,0,albanais,0.5079,0.8009
de_000033_aug1,de,0,québec,0.4259,0.4063
de_000095_aug3,it,0,argentin,0.6993,0.6493
pt_000137_aug2,pl,1,roumain,0.5292,0.4629
de_000099_aug1,pl,0,unknown,0.5568,0.7592
it_000063,nl,1,lyon,0.8617,0.6697
es_000008_aug1,es,1,albanais,0.5732,0.6879
pt_000119_aug1,pt,0,milanais,0.7653,0.6205
de_000076_aug1,pl,1,lisbon,0.4722,0.698
pt_000076_aug1,fr,1,roumain,0.8648,0.7769
it_000058_aug1,pl,0,bavarian,0.9706,0.8154
de_000143_aug1,de,0,berlin,0.8237,0.9234
de_000008,nl,0,paris,0.9278,0.7411
de_000090_aug3,pt,0,africain,0.897,0.7152
de_000056,it,1,unknown,0.7898,0.9182
es_000058_aug1,nl,1,swiss,0.4988,0.6968
pl_000051,it,0,bresilien,0.558,0.6594
es_000019_aug2,nl,0,porto,0.4606,0.4719
fr_000131,de,0,mexicain,0.4645,0.5476
nl_000144_aug2,pt,0,porto,0.4704,0.6838
es_000079_aug2,es,0,lisbon,0.7295,0.5297
fr_000049_aug3,de,0,argentin,0.7853,0.8816
nl_000126_aug2,nl,0,turkish,0.5054,0.4532
es_000025_aug1,pl,1,porto,0.7827,0.9332
es_000114_aug1,pl,1,francophone,0.7243,0.7427
pl_000125_aug3,nl,0,québec,0.9535,0.5026
it_000135_aug3,pt,1,napolitain,0.4158,0.4836
it_000005_aug1,es,1,unknown,0.6318,0.8201
nl_000079_aug1,fr,1,bavarian,0.5708,0.6397
es_000079_aug1,it,0,porto,0.6962,0.8719
nl_000147_aug1,es,0,unknown,0.9398,0.4721
nl_000040_aug2,de,1,espagnol,0.7925,0.9179
it_000060,es,0,romain,0.7367,0.8715
nl_000125_aug2,de,1,napolitain,0.8117,0.4445
es_000132_aug2,fr,1,espagnol,0.8695,0.7012
pt_000023,pt,0,castillan,0.9778,0.9216
fr_000079,pt,0,unknown,0.5492,0.4034
es_000048,nl,0,roumain,0.4002,0.4561
pl_000029,nl,0,espagnol,0.6988,0.7617
fr_000125_aug1,de,1,albanais,0.7291,0.7809
es_000028_aug1,pt,1,bresilien,0.9065,0.5288
de_000147_aug1,pl,0,angolais,0.8256,0.8506
it_000130_aug2,es,0,unknown,0.6763,0.4577
pt_000020_aug1,de,0,swiss,0.4433,0.704
pl_000110_aug2,pl,1,mozambicain,0.803,0.7894
fr_000077_aug3,es,1,unknown,0.4668,0.7269
nl_000130_aug3,pt,0,swiss,0.5671,0.8803
pl_000031,fr,1,unknown,0.6441,0.5605
pl_000116_aug1,de,0,swiss,0.6782,0.4246
es_000096_aug3,es,0,marseille,0.7837,0.5094
fr_000004_aug1,it,1,unknown,0.8756,0.4588
de_000019,fr,0,maghrebin,0.7051,0.4356
es_000148_aug3,de,1,porto,0.5975,0.6156
de_000101_aug2,fr,0,swiss,0.9569,0.4089
de_000102_aug1,de,1,unknown,0.9184,0.7926
fr_000007,pt,1,turkish,0.4913,0.5296
pl_000099_aug3,de,0,mozambicain,0.6553,0.5215
pl_000070,pt,1,bavarian,0.431,0.7749
pl_000096_aug1,it,0,roumain,0.894,0.6809
nl_000145_aug3,de,0,unknown,0.9511,0.8289
pl_000029_aug2,nl,1,lyon,0.5074,0.7697
it_000075,it,0,francophone,0.4589,0.8165
it_000053_aug1,es,0,québec,0.5957,0.7398
it_000131,pl,1,francophone,0.7035,0.6626
it_000022_aug1,pl,0,unknown,0.637,0.7596
pt_000125_aug3,de,0,albanais,0.9053,0.5158
es_000041_aug3,it,0,milanais,0.7436,0.4766
es_000038,es,1,mozambicain,0.8745,0.4206
pl_000038,pl,1,maghrebin,0.8294,0.6205
fr_000053_aug2,es,0,castillan,0.7894,0.7807
de_000077_aug2,de,1,swiss,0.6351,0.5239
de_000087_aug1,pl,1,berlin,0.6411,0.8491
pl_000036_aug3,es,1,andalou,0.6914,0.6619
nl_000117_aug3,it,1,unknown,0.4768,0.9478
it_000111_aug3,fr,0,espagnol,0.5113,0.7869
fr_000058_aug2,pl,1,unknown,0.4575,0.512
pl_000037,pl,1,turkish,0.7464,0.7782
es_000132_aug3,it,0,québec,0.5566,0.7341
pl_000077,es,1,québec,0.5871,0.9404
es_000128,fr,0,francophone,0.7278,0.9
pt_000149_aug1,pt,0,castillan,0.6825,0.4821
pt_000060_aug3,pt,0,unknown,0.5737,0.4942
de_000141,pl,0,québec,0.6667,0.8487
fr_000091,fr,1,argentin,0.4903,0.7727
it_000149_aug1,pt,1,eastern_european,0.4168,0.5771
nl_000068_aug1,es,0,unknown,0.6496,0.4714
pl_000141_aug2,nl,0,eastern_european,0.4166,0.6465
pt_000029,pt,1,unknown,0.9488,0.6052
pl_000107_aug1,fr,1,swiss,0.7812,0.5963
pt_000134_aug1,nl,0,unknown,0.4468,0.7644
it_000124,nl,1,mozambicain,0.4732,0.7567
pt_000144,es,1,swiss,0.5312,0.7053
it_000081_aug1,de,0,argentin,0.8629,0.9357
nl_000074_aug2,pt,0,unknown,0.9889,0.4578
it_000109,nl,0,castillan,0.5404,0.5353
it_000038,pl,1,unknown,0.5237,0.7507
de_000030_aug2,pt,0,unknown,0.4018,0.8825
pt_000128_aug3,pt,1,turkish,0.7643,0.6534
es_000032_aug1,de,1,romain,0.9423,0.6716
nl_000111,de,0,bavarian,0.5171,0.9119
nl_000022,nl,0,porto,0.7133,0.7653
pl_000011_aug2,fr,0,unknown,0.543,0.5817
nl_000103_aug2,pt,0,swiss,0.7408,0.8223
es_000110_aug1,es,0,lisbon,0.8751,0.6802
de_000135,de,0,unknown,0.8743,0.8432
es_000054,pl,1,maghrebin,0.8568,0.7765
de_000103,pl,0,romain,0.6117,0.7549
nl_000118,pl,0,unknown,0.7735,0.7504
pt_000110_aug1,fr,1,castillan,0.6878,0.8452
nl_000019,de,0,andalou,0.468,0.7778
fr_000091_aug3,es,1,bavarian,0.8004,0.7161
nl_000127,pt,0,milanais,0.8761,0.8537
es_000017_aug1,pt,0,paris,0.7612,0.8918
pl_000149_aug1,fr,0,roumain,0.4861,0.7152
fr_000001,es,0,mozambicain,0.9129,0.6053
de_000123_aug2,pt,1,mozambicain,0.5096,0.6039
de_000099_aug3,es,1,espagnol,0.4777,0.4071
fr_000147_aug3,nl,0,eastern_european,0.5641,0.5364
de_000002,pt,1,albanais,0.8139,0.5895
nl_000045_aug1,fr,0,unknown,0.9891,0.7887
fr_000005_aug2,de,1,swiss,0.4008,0.8482
nl_000060_aug3,pt,0,bavarian,0.4304,0.8567
pl_000010_aug1,es,0,bresilien,0.7751,0.6749
de_000079,pt,1,berlin,0.6317,0.4366
nl_000116,es,0,paris,0.7333,0.8431
pl_000118_aug3,de,1,unknown,0.7551,0.9255
de_000016_aug1,nl,0,mexicain,0.4452,0.8017
nl_000050,nl,1,lisbon,0.7815,0.5716
pt_000016_aug1,fr,1,unknown,0.8517,0.6693
it_000089_aug3,fr,1,romain,0.4684,0.5017
it_000058_aug2,de,1,anglophone,0.6717,0.4284
it_000101,pl,1,porto,0.93,0.7037
es_000123_aug3,it,1,roumain,0.7614,0.4449
it_000095_aug2,pt,0,unknown,0.46,0.6446
de_000044,it,1,unknown,0.7356,0.656
it_000097_aug3,pl,0,lyon,0.5527,0.5575
nl_000144,it,0,unknown,0.7525,0.5214
it_000037,it,0,albanais,0.7041,0.8095
es_000089_aug3,es,0,romain,0.5924,0.936
fr_000107_aug3,es,0,unknown,0.6971,0.654
pt_000124,nl,0,unknown,0.5576,0.8688
de_000038,fr,0,québec,0.8473,0.8738
es_000070_aug2,de,0,unknown,0.9601,0.9036
nl_000006_aug2,nl,1,espagnol,0.6791,0.6734
pt_000055,fr,1,marseille,0.5308,0.8124
pt_000080_aug3,fr,0,milanais,0.5335,0.4851
fr_000139,pt,1,bavarian,0.7794,0.619
fr_000142_aug3,pt,0,albanais,0.9539,0.8006
pt_000078_aug3,it,0,unknown,0.8241,0.9141
it_000083_aug3,de,0,austrian,0.6769,0.5742
pt_000100,de,0,angolais,0.6221,0.6601
fr_000081,it,1,milanais,0.9485,0.9099
pl_000008_aug3,es,0,mexicain,0.4638,0.6211
es_000043_aug3,es,0,unknown,0.5616,0.4054
pt_000038_aug2,pt,0,eastern_european,0.8394,0.5311
